barcode_sample,segmentation_labels_smoothness_factor_0.1_optimal
AAACAAGTATCTCCCA-1_36173_Pla_HDBR9518710,5
AAACACCAATAACTGC-1_36173_Pla_HDBR9518710,2
AAACATGGTGAGAGGA-1_36173_Pla_HDBR9518710,5
AAACATTTCCCGGATT-1_36173_Pla_HDBR9518710,3
AAACCGTTCGTCCAGG-1_36173_Pla_HDBR9518710,4
AAACGCTGGGCACGAC-1_36173_Pla_HDBR9518710,8
AAACGGGTTGGTATCC-1_36173_Pla_HDBR9518710,0
AAACTTAATTGCACGC-1_36173_Pla_HDBR9518710,5
AAAGAATGACCTTAGA-1_36173_Pla_HDBR9518710,0
AAAGGCCCTATAATAC-1_36173_Pla_HDBR9518710,0
AAAGTAGCATTGCTCA-1_36173_Pla_HDBR9518710,5
AAAGTGCCATCAATTA-1_36173_Pla_HDBR9518710,6
AAAGTGTGATTTATCT-1_36173_Pla_HDBR9518710,6
AAATAGGGTGCTATTG-1_36173_Pla_HDBR9518710,0
AAATCTAGCCCTGCTA-1_36173_Pla_HDBR9518710,8
AAATCTGCCCGCGTCC-1_36173_Pla_HDBR9518710,0
AAATGCTCGTTACGTT-1_36173_Pla_HDBR9518710,2
AAATTAACGGGTAGCT-1_36173_Pla_HDBR9518710,0
AAATTGATAGTCCTTT-1_36173_Pla_HDBR9518710,1
AAATTGCGGCGGTTCT-1_36173_Pla_HDBR9518710,3
AACAACTGGTAGTTGC-1_36173_Pla_HDBR9518710,3
AACACACGCTCGCCGC-1_36173_Pla_HDBR9518710,1
AACACGCGGCCGCGAA-1_36173_Pla_HDBR9518710,7
AACAGCTGTGTGGCAA-1_36173_Pla_HDBR9518710,2
AACCATAGGGTTGAAC-1_36173_Pla_HDBR9518710,1
AACCATGGGATCGCTA-1_36173_Pla_HDBR9518710,3
AACCCAGAGACGGAGA-1_36173_Pla_HDBR9518710,1
AACCCATCCCATGATC-1_36173_Pla_HDBR9518710,5
AACCGCTAAGGGATGC-1_36173_Pla_HDBR9518710,2
AACGAAAGTCGTCCCA-1_36173_Pla_HDBR9518710,6
AACGCGAACGGCAACA-1_36173_Pla_HDBR9518710,3
AACGCTGTTGCTGAAA-1_36173_Pla_HDBR9518710,1
AACGGACGTACGTATA-1_36173_Pla_HDBR9518710,1
AACGTCAGACTAGTGG-1_36173_Pla_HDBR9518710,0
AACGTGCGAAAGTCTC-1_36173_Pla_HDBR9518710,6
AACTCCAGAGCGTGTT-1_36173_Pla_HDBR9518710,1
AACTCGATGGCGCAGT-1_36173_Pla_HDBR9518710,2
AACTCTCAGTGTGCTC-1_36173_Pla_HDBR9518710,4
AACTTGCGTTCTCGCG-1_36173_Pla_HDBR9518710,3
AAGAAGGATCAGTTAG-1_36173_Pla_HDBR9518710,1
AAGACCAAATAACTCA-1_36173_Pla_HDBR9518710,8
AAGACTAACCCGTTGT-1_36173_Pla_HDBR9518710,0
AAGACTGCAAGCTACT-1_36173_Pla_HDBR9518710,3
AAGAGCTCTTTATCGG-1_36173_Pla_HDBR9518710,7
AAGAGGCATGGATCGC-1_36173_Pla_HDBR9518710,6
AAGCCGCCGTGAAATC-1_36173_Pla_HDBR9518710,3
AAGCCGGAGAGCAGGA-1_36173_Pla_HDBR9518710,6
AAGCGTCCCTCATCGA-1_36173_Pla_HDBR9518710,3
AAGCTCGTGCCAAGTC-1_36173_Pla_HDBR9518710,8
AAGGAGCGGTTGGTGC-1_36173_Pla_HDBR9518710,8
AAGGCGCGTAAAGCTT-1_36173_Pla_HDBR9518710,3
AAGGGAACGACTGGCT-1_36173_Pla_HDBR9518710,2
AAGGGACTATGCATTC-1_36173_Pla_HDBR9518710,2
AAGGTGATAAACCAGC-1_36173_Pla_HDBR9518710,8
AAGTGCGTTAGAATCT-1_36173_Pla_HDBR9518710,7
AAGTGTTTGGAGACGG-1_36173_Pla_HDBR9518710,2
AAGTTCACTCCAAGCT-1_36173_Pla_HDBR9518710,7
AAGTTGTGATGTTATA-1_36173_Pla_HDBR9518710,4
AATAACACTAGAACAA-1_36173_Pla_HDBR9518710,4
AATAGAACAGAGTGGC-1_36173_Pla_HDBR9518710,4
AATAGAATCTGTTTCA-1_36173_Pla_HDBR9518710,2
AATATCAAGGTCGGAT-1_36173_Pla_HDBR9518710,6
AATCAGACTGCAGGAC-1_36173_Pla_HDBR9518710,0
AATCATGTAAAGACTC-1_36173_Pla_HDBR9518710,3
AATCCATGCAAGGGTG-1_36173_Pla_HDBR9518710,0
AATCGCCTCAGCGCCA-1_36173_Pla_HDBR9518710,1
AATCTAGGTTTACTTG-1_36173_Pla_HDBR9518710,7
AATCTGGCTTTCTAGT-1_36173_Pla_HDBR9518710,8
AATGACGTAGGATGTC-1_36173_Pla_HDBR9518710,5
AATGACTGTCAGCCGG-1_36173_Pla_HDBR9518710,3
AATGAGTTCGCATATG-1_36173_Pla_HDBR9518710,0
AATGGTTCTCACAAGC-1_36173_Pla_HDBR9518710,3
AATGTATGGCACTGTA-1_36173_Pla_HDBR9518710,5
AATGTGCCCGAGGTGT-1_36173_Pla_HDBR9518710,1
AATGTTGTCGTGAGAC-1_36173_Pla_HDBR9518710,6
AATTACGAGACCCATC-1_36173_Pla_HDBR9518710,6
AATTCATTGTCATGCA-1_36173_Pla_HDBR9518710,5
AATTGAACGCTCTGGT-1_36173_Pla_HDBR9518710,5
AATTGCGTGGATTACA-1_36173_Pla_HDBR9518710,0
ACAAACCATGCGTCCT-1_36173_Pla_HDBR9518710,8
ACAAATCGCACCGAAT-1_36173_Pla_HDBR9518710,2
ACAAATGGTAGTGTTT-1_36173_Pla_HDBR9518710,6
ACAACAGCATGAGCTA-1_36173_Pla_HDBR9518710,6
ACAACGGTCCCTGCGA-1_36173_Pla_HDBR9518710,6
ACAAGGAAATCCGCCC-1_36173_Pla_HDBR9518710,3
ACAAGGGCAGGCTCTG-1_36173_Pla_HDBR9518710,5
ACAATGAATACGGAGA-1_36173_Pla_HDBR9518710,1
ACAATTGTGTCTCTTT-1_36173_Pla_HDBR9518710,6
ACACACCAGGACCAGT-1_36173_Pla_HDBR9518710,5
ACACATGATCAAATCT-1_36173_Pla_HDBR9518710,2
ACACCCAGCATGCAGC-1_36173_Pla_HDBR9518710,7
ACACCCGAGAAATCCG-1_36173_Pla_HDBR9518710,6
ACACCGGTCTGACCGC-1_36173_Pla_HDBR9518710,8
ACACCTTAAGTAGGGC-1_36173_Pla_HDBR9518710,1
ACACGAGACTCCTTCT-1_36173_Pla_HDBR9518710,0
ACAGAACTGAGAACAA-1_36173_Pla_HDBR9518710,8
ACAGCGACATTCTCAT-1_36173_Pla_HDBR9518710,1
ACAGGCTTGCCCGACT-1_36173_Pla_HDBR9518710,6
ACATAAGTCGTGGTGA-1_36173_Pla_HDBR9518710,5
ACATAATAAGGCGGTG-1_36173_Pla_HDBR9518710,5
ACATCGTATGCAATGG-1_36173_Pla_HDBR9518710,5
ACATGGCTCAATTTAG-1_36173_Pla_HDBR9518710,1
ACCACAAGTTTCTATC-1_36173_Pla_HDBR9518710,0
ACCACGTGCAGCTATA-1_36173_Pla_HDBR9518710,3
ACCAGTGCGGGAGACG-1_36173_Pla_HDBR9518710,1
ACCCATTTGTCCCTCT-1_36173_Pla_HDBR9518710,1
ACCCGAGCGAAATTAC-1_36173_Pla_HDBR9518710,2
ACCCGGAGCACCACAA-1_36173_Pla_HDBR9518710,8
ACCCTATAGGACTGAG-1_36173_Pla_HDBR9518710,0
ACCCTATGCCATATCG-1_36173_Pla_HDBR9518710,0
ACCCTCCCTTGCTATT-1_36173_Pla_HDBR9518710,6
ACCGAAGAGTCTGGTT-1_36173_Pla_HDBR9518710,5
ACCGACTGAGTCCCAC-1_36173_Pla_HDBR9518710,8
ACCGCAATAACTGCCT-1_36173_Pla_HDBR9518710,1
ACCGGGCCTTTGTTGA-1_36173_Pla_HDBR9518710,6
ACCGGTCAGGTACACC-1_36173_Pla_HDBR9518710,2
ACCGTCCACTGGGCCC-1_36173_Pla_HDBR9518710,8
ACCTAAGTACCTTTCA-1_36173_Pla_HDBR9518710,3
ACCTCGAACTTATGCT-1_36173_Pla_HDBR9518710,5
ACGACCCATGAGTTGC-1_36173_Pla_HDBR9518710,8
ACGAGAACCCATCACG-1_36173_Pla_HDBR9518710,3
ACGAGGATACCACTCT-1_36173_Pla_HDBR9518710,8
ACGAGGTTTACAACGT-1_36173_Pla_HDBR9518710,5
ACGCATACGTTTACTA-1_36173_Pla_HDBR9518710,1
ACGCATTCGTGAGTAC-1_36173_Pla_HDBR9518710,1
ACGCCGCTAGACGACC-1_36173_Pla_HDBR9518710,0
ACGCGGGCCAAGGACA-1_36173_Pla_HDBR9518710,3
ACGCTACTGAATGGGC-1_36173_Pla_HDBR9518710,6
ACGGAATTTAGCAAAT-1_36173_Pla_HDBR9518710,7
ACGGCGACGATGGGAA-1_36173_Pla_HDBR9518710,4
ACGGCGGGTTGCCCTG-1_36173_Pla_HDBR9518710,0
ACGGCTGGATGTAGAA-1_36173_Pla_HDBR9518710,5
ACGTAGATTGCTGATG-1_36173_Pla_HDBR9518710,0
ACGTCGGGCAACTCGG-1_36173_Pla_HDBR9518710,6
ACGTTAATGTCGAAGA-1_36173_Pla_HDBR9518710,0
ACTACATCCCGACAAG-1_36173_Pla_HDBR9518710,1
ACTACCAGCTCTCTGG-1_36173_Pla_HDBR9518710,3
ACTAGTTGCGATCGTC-1_36173_Pla_HDBR9518710,6
ACTATGTCCAGCTGCC-1_36173_Pla_HDBR9518710,2
ACTCAACGAATGTATT-1_36173_Pla_HDBR9518710,1
ACTCATGGCAGCCTTC-1_36173_Pla_HDBR9518710,0
ACTCCAATATCATCAT-1_36173_Pla_HDBR9518710,1
ACTCGCCGTTCGATAA-1_36173_Pla_HDBR9518710,8
ACTCGTAACCCGTCCT-1_36173_Pla_HDBR9518710,8
ACTCGTCAGTAATCCC-1_36173_Pla_HDBR9518710,6
ACTCTCTGACTTAGGT-1_36173_Pla_HDBR9518710,8
ACTCTTGTATAGTAAC-1_36173_Pla_HDBR9518710,4
ACTGAAACGCCGTTAG-1_36173_Pla_HDBR9518710,1
ACTGAATGGCGAAAGT-1_36173_Pla_HDBR9518710,7
ACTGTATACGCGAGCA-1_36173_Pla_HDBR9518710,1
ACTGTCCAGGATTATA-1_36173_Pla_HDBR9518710,8
ACTGTCTTCTTTAGAA-1_36173_Pla_HDBR9518710,8
ACTGTGCTAGTAGATC-1_36173_Pla_HDBR9518710,3
ACTTAGTACGACAAGA-1_36173_Pla_HDBR9518710,3
ACTTATCTGATCTATA-1_36173_Pla_HDBR9518710,0
ACTTATTTATGTGCCA-1_36173_Pla_HDBR9518710,2
ACTTCAGGCTGATCCC-1_36173_Pla_HDBR9518710,2
ACTTGACTCCCTCTTT-1_36173_Pla_HDBR9518710,0
ACTTGCTCTATCTACC-1_36173_Pla_HDBR9518710,3
ACTTGGGACCCGGTGG-1_36173_Pla_HDBR9518710,8
ACTTTCCTATAGCTTC-1_36173_Pla_HDBR9518710,8
ACTTTGGTCGTGCTCC-1_36173_Pla_HDBR9518710,1
AGAACCCTCAATTGGG-1_36173_Pla_HDBR9518710,6
AGAAGGTACACTTCAC-1_36173_Pla_HDBR9518710,1
AGAATTGTTTGACATA-1_36173_Pla_HDBR9518710,2
AGACCATGGGATACAA-1_36173_Pla_HDBR9518710,1
AGACGAAGTGCCGGTC-1_36173_Pla_HDBR9518710,7
AGACGACGATGCCGCT-1_36173_Pla_HDBR9518710,3
AGACTAGCCTTCCAGA-1_36173_Pla_HDBR9518710,8
AGAGAAGGAGTACAAT-1_36173_Pla_HDBR9518710,7
AGAGCTACGAAAGCAT-1_36173_Pla_HDBR9518710,0
AGAGGCTTCGGAAACC-1_36173_Pla_HDBR9518710,4
AGATACCAATAGAACC-1_36173_Pla_HDBR9518710,8
AGATACGACTTCATAT-1_36173_Pla_HDBR9518710,7
AGATACTCAAGATCGA-1_36173_Pla_HDBR9518710,8
AGATGCAAGACGTGCA-1_36173_Pla_HDBR9518710,6
AGATTCACAACCGATA-1_36173_Pla_HDBR9518710,7
AGCAACCGAAAGTAAT-1_36173_Pla_HDBR9518710,1
AGCACTACCTCACCAG-1_36173_Pla_HDBR9518710,7
AGCATATCAATATGCT-1_36173_Pla_HDBR9518710,6
AGCATCATTTCGAAAG-1_36173_Pla_HDBR9518710,3
AGCATCGTCGATAATT-1_36173_Pla_HDBR9518710,6
AGCCCGGCATTAGAGG-1_36173_Pla_HDBR9518710,1
AGCCGTGGCTAAATGT-1_36173_Pla_HDBR9518710,6
AGCCTAATACCCACGT-1_36173_Pla_HDBR9518710,5
AGCCTTGTCACTGATA-1_36173_Pla_HDBR9518710,0
AGCGATGCGCCTAATA-1_36173_Pla_HDBR9518710,4
AGCGGCGGTTAGCGGT-1_36173_Pla_HDBR9518710,5
AGCGGGAAGGGTCCAT-1_36173_Pla_HDBR9518710,2
AGCGTACGAGAGCTAG-1_36173_Pla_HDBR9518710,0
AGCGTAGCGCTAGACC-1_36173_Pla_HDBR9518710,0
AGCGTCTGAACCCGCA-1_36173_Pla_HDBR9518710,8
AGCGTGGTATTCTACT-1_36173_Pla_HDBR9518710,1
AGCTAACAAGCAATGT-1_36173_Pla_HDBR9518710,0
AGCTCCTTCGCACATC-1_36173_Pla_HDBR9518710,1
AGCTCTAGACGTTCCA-1_36173_Pla_HDBR9518710,6
AGCTGTAACCTCAATC-1_36173_Pla_HDBR9518710,3
AGGAACGAACGACTTC-1_36173_Pla_HDBR9518710,7
AGGACAGTCGAATCCC-1_36173_Pla_HDBR9518710,5
AGGACATCGCACGTCG-1_36173_Pla_HDBR9518710,6
AGGACATCGGCACACT-1_36173_Pla_HDBR9518710,3
AGGAGGCCTTCGCGCG-1_36173_Pla_HDBR9518710,3
AGGATATAGGGATTTA-1_36173_Pla_HDBR9518710,1
AGGCATTGTCGTAGGG-1_36173_Pla_HDBR9518710,1
AGGCCCAGTGACTGGT-1_36173_Pla_HDBR9518710,0
AGGCGATAACTGGCGT-1_36173_Pla_HDBR9518710,5
AGGCGGTTTGTCCCGC-1_36173_Pla_HDBR9518710,2
AGGGCCCTAATGTTCT-1_36173_Pla_HDBR9518710,8
AGGGCTGCAGTTACAG-1_36173_Pla_HDBR9518710,1
AGGGTCTGGACGCAGT-1_36173_Pla_HDBR9518710,8
AGGGTTTAGTTCGGGA-1_36173_Pla_HDBR9518710,0
AGGTAACCTCCTATTC-1_36173_Pla_HDBR9518710,3
AGGTCGCCACTTCGGT-1_36173_Pla_HDBR9518710,0
AGGTCGCCTCCCAACA-1_36173_Pla_HDBR9518710,6
AGGTGCACGTCCACAT-1_36173_Pla_HDBR9518710,4
AGGTGTTGCCGACCAC-1_36173_Pla_HDBR9518710,5
AGGTTCTCCTTTCCGG-1_36173_Pla_HDBR9518710,4
AGGTTTCACACACCTT-1_36173_Pla_HDBR9518710,0
AGTAACTATAGCAGCC-1_36173_Pla_HDBR9518710,8
AGTAATTTGCAAGCGT-1_36173_Pla_HDBR9518710,3
AGTACTCTTATGCCCA-1_36173_Pla_HDBR9518710,2
AGTATCCATAATAACG-1_36173_Pla_HDBR9518710,0
AGTATGCTGGAGACCA-1_36173_Pla_HDBR9518710,2
AGTCAAGATGACACTT-1_36173_Pla_HDBR9518710,2
AGTCACTAGCTCTCGA-1_36173_Pla_HDBR9518710,6
AGTCACTCCGCCTCAT-1_36173_Pla_HDBR9518710,0
AGTCAGCCACCGCCTG-1_36173_Pla_HDBR9518710,2
AGTCCAGCGGGTACGT-1_36173_Pla_HDBR9518710,3
AGTCGAAACGATTCAG-1_36173_Pla_HDBR9518710,3
AGTCGGCCCAAACGAC-1_36173_Pla_HDBR9518710,7
AGTCGTCGACCACCAA-1_36173_Pla_HDBR9518710,2
AGTCGTGGGCATTACG-1_36173_Pla_HDBR9518710,3
AGTCTCACAAGACTAC-1_36173_Pla_HDBR9518710,0
AGTCTGGACATCCTTG-1_36173_Pla_HDBR9518710,6
AGTGAGTCGAATTAAC-1_36173_Pla_HDBR9518710,8
AGTGATAACCTGCGCG-1_36173_Pla_HDBR9518710,3
AGTGCACGCTTAAGAA-1_36173_Pla_HDBR9518710,1
AGTGCTAAACACAGCA-1_36173_Pla_HDBR9518710,0
AGTGTGGTCTATTGTG-1_36173_Pla_HDBR9518710,1
AGTTAAGTCAACCGCT-1_36173_Pla_HDBR9518710,8
AGTTCCTACAGAATTA-1_36173_Pla_HDBR9518710,3
AGTTCCTATTTATGTT-1_36173_Pla_HDBR9518710,0
AGTTCTGCGTTGTATC-1_36173_Pla_HDBR9518710,0
AGTTGACATCGGCTGG-1_36173_Pla_HDBR9518710,3
AGTTGCGGTCCTCAAC-1_36173_Pla_HDBR9518710,0
AGTTGCTGACTGATAT-1_36173_Pla_HDBR9518710,3
AGTTGGCAAGGCTAGA-1_36173_Pla_HDBR9518710,4
AGTTTGGCACGGGTTG-1_36173_Pla_HDBR9518710,5
ATAATAGTGTAGGGAC-1_36173_Pla_HDBR9518710,1
ATACGCCGATCTACCG-1_36173_Pla_HDBR9518710,0
ATACGCCGGCGAAACC-1_36173_Pla_HDBR9518710,7
ATACGGAACGTCGTTT-1_36173_Pla_HDBR9518710,3
ATACGTCCACTCCTGT-1_36173_Pla_HDBR9518710,6
ATACTAGCATGACCCT-1_36173_Pla_HDBR9518710,5
ATACTCTCGCCACTCT-1_36173_Pla_HDBR9518710,3
ATACTGCCTTACACCG-1_36173_Pla_HDBR9518710,3
ATAGAGTACTGGGACA-1_36173_Pla_HDBR9518710,8
ATAGCAACTAGGGAAG-1_36173_Pla_HDBR9518710,1
ATATAGAGTATTGGTC-1_36173_Pla_HDBR9518710,5
ATATCGTTCCTCGAAC-1_36173_Pla_HDBR9518710,2
ATATCTTAGGGCCTTC-1_36173_Pla_HDBR9518710,0
ATATTCCACATAGTGA-1_36173_Pla_HDBR9518710,0
ATATTGCTGTCAAAGT-1_36173_Pla_HDBR9518710,6
ATATTGGAGAGGCCTT-1_36173_Pla_HDBR9518710,0
ATATTTAACCCTCAAG-1_36173_Pla_HDBR9518710,0
ATCAATCTGGGCTGCA-1_36173_Pla_HDBR9518710,0
ATCAATGCCGTGGCTG-1_36173_Pla_HDBR9518710,2
ATCAGCCTCATGCTGC-1_36173_Pla_HDBR9518710,2
ATCATTGTACCGCATT-1_36173_Pla_HDBR9518710,6
ATCCCATCCACAGCGC-1_36173_Pla_HDBR9518710,1
ATCCGGACCAGCCTGA-1_36173_Pla_HDBR9518710,8
ATCGCCGTGGTTCATG-1_36173_Pla_HDBR9518710,7
ATCGGAGACAGACGGC-1_36173_Pla_HDBR9518710,0
ATCGTCCAATCGAGTC-1_36173_Pla_HDBR9518710,0
ATCGTGGAAAGTCTGG-1_36173_Pla_HDBR9518710,2
ATCGTTAGCTAGCGGA-1_36173_Pla_HDBR9518710,1
ATCTTAGGGCATTAAT-1_36173_Pla_HDBR9518710,1
ATCTTGACCTGCAACG-1_36173_Pla_HDBR9518710,3
ATGAAGCCAAGGAGCC-1_36173_Pla_HDBR9518710,0
ATGACGCGTTCTATCC-1_36173_Pla_HDBR9518710,3
ATGACTATGCGACATT-1_36173_Pla_HDBR9518710,2
ATGCACGCGCTGTTCA-1_36173_Pla_HDBR9518710,5
ATGCACTACCGCATTG-1_36173_Pla_HDBR9518710,4
ATGCCATTTGCGACCA-1_36173_Pla_HDBR9518710,4
ATGCGACAGTCCCATT-1_36173_Pla_HDBR9518710,4
ATGCTCAGTGTTGCAT-1_36173_Pla_HDBR9518710,1
ATGGAGCAGGCCGTGA-1_36173_Pla_HDBR9518710,1
ATGGATTGACCAAACG-1_36173_Pla_HDBR9518710,6
ATGGCAGCATTACGAT-1_36173_Pla_HDBR9518710,5
ATGGGACCTGCTGAAC-1_36173_Pla_HDBR9518710,2
ATGGGCCTCGGCCTCT-1_36173_Pla_HDBR9518710,8
ATGGGTGTATACCTCC-1_36173_Pla_HDBR9518710,1
ATGGTATTTACTGATT-1_36173_Pla_HDBR9518710,0
ATGGTCGCGTGGTTTC-1_36173_Pla_HDBR9518710,6
ATGTACATGCGGTGAG-1_36173_Pla_HDBR9518710,4
ATGTGGACATCTTGAT-1_36173_Pla_HDBR9518710,0
ATGTTACGAGCAATAC-1_36173_Pla_HDBR9518710,1
ATTACGGGCTACGGTT-1_36173_Pla_HDBR9518710,0
ATTAGGCGATGCTTTC-1_36173_Pla_HDBR9518710,4
ATTATGAGACCCAATT-1_36173_Pla_HDBR9518710,5
ATTATTATGTCCGTCA-1_36173_Pla_HDBR9518710,0
ATTCAACCATTTAAGG-1_36173_Pla_HDBR9518710,3
ATTCATCGTTGAGGCA-1_36173_Pla_HDBR9518710,0
ATTCCTCCGCCAGTGC-1_36173_Pla_HDBR9518710,1
ATTCCTTCCAGGCGGT-1_36173_Pla_HDBR9518710,2
ATTCGCGCCTTGAGAG-1_36173_Pla_HDBR9518710,8
ATTGATAGCAACGAGA-1_36173_Pla_HDBR9518710,1
ATTGCGATCAGTAACT-1_36173_Pla_HDBR9518710,3
ATTGGATTACAGCGTA-1_36173_Pla_HDBR9518710,4
ATTGGTTGTGCATTAC-1_36173_Pla_HDBR9518710,4
ATTTCCGGGTTCTGCG-1_36173_Pla_HDBR9518710,0
ATTTGCGCGAGTAGCT-1_36173_Pla_HDBR9518710,3
ATTTGTCTTGGGAGCT-1_36173_Pla_HDBR9518710,1
CAAAGATTATTGGGCC-1_36173_Pla_HDBR9518710,1
CAAAGTCAGGTTAGCT-1_36173_Pla_HDBR9518710,3
CAACGGTTCTTGATAC-1_36173_Pla_HDBR9518710,4
CAACTTGTAGTGGGCA-1_36173_Pla_HDBR9518710,6
CAAGAGGGCGGAGTAC-1_36173_Pla_HDBR9518710,4
CAAGATATTATAACGT-1_36173_Pla_HDBR9518710,8
CAAGGATCGCATGTTC-1_36173_Pla_HDBR9518710,0
CAATATTCTTGACCTA-1_36173_Pla_HDBR9518710,3
CAATATTGGACTAGTG-1_36173_Pla_HDBR9518710,1
CAATCCTGCCGTGGAG-1_36173_Pla_HDBR9518710,1
CAATGCGAGAAGTATC-1_36173_Pla_HDBR9518710,2
CAATTAAGGGTGATGA-1_36173_Pla_HDBR9518710,8
CAATTTCGTATAAGGG-1_36173_Pla_HDBR9518710,0
CACAAGCTAAGAAAGG-1_36173_Pla_HDBR9518710,3
CACACACGCTAACGAG-1_36173_Pla_HDBR9518710,1
CACAGAGACGAGGACG-1_36173_Pla_HDBR9518710,1
CACAGCACCCACGGCA-1_36173_Pla_HDBR9518710,8
CACAGCTAGGGAGTGA-1_36173_Pla_HDBR9518710,5
CACAGGGCCATATAGT-1_36173_Pla_HDBR9518710,3
CACATAAGGCGACCGT-1_36173_Pla_HDBR9518710,0
CACATATTAGCAGGAT-1_36173_Pla_HDBR9518710,0
CACATGATTCAGCAAC-1_36173_Pla_HDBR9518710,1
CACATGTTTGGACATG-1_36173_Pla_HDBR9518710,3
CACCAGTCAGCATGCA-1_36173_Pla_HDBR9518710,1
CACCCACACGTCACCC-1_36173_Pla_HDBR9518710,8
CACCCGGTTTGTGACT-1_36173_Pla_HDBR9518710,7
CACCCTAACAAGATCT-1_36173_Pla_HDBR9518710,0
CACCCTTGGTGAGACC-1_36173_Pla_HDBR9518710,8
CACCCTTTCCTCGCTC-1_36173_Pla_HDBR9518710,7
CACCGCCAGAAGGTTT-1_36173_Pla_HDBR9518710,3
CACCGGTAGAGACATT-1_36173_Pla_HDBR9518710,3
CACCGTATCCCATCCG-1_36173_Pla_HDBR9518710,3
CACCGTTAGGGATCAC-1_36173_Pla_HDBR9518710,7
CACCTAATAGAGTCGT-1_36173_Pla_HDBR9518710,2
CACGTTCGTGCTCTAG-1_36173_Pla_HDBR9518710,8
CACGTTTCGTACACAC-1_36173_Pla_HDBR9518710,6
CACTCCTATGTAAGAT-1_36173_Pla_HDBR9518710,3
CACTCGAGCTGAACAA-1_36173_Pla_HDBR9518710,0
CACTCTTCTGCTAGCC-1_36173_Pla_HDBR9518710,5
CACTGTCCAAGTGAGA-1_36173_Pla_HDBR9518710,5
CACTTCGCCACAGGCT-1_36173_Pla_HDBR9518710,6
CAGAACTTAGCCCTCT-1_36173_Pla_HDBR9518710,2
CAGAGCGATGGATGCT-1_36173_Pla_HDBR9518710,8
CAGATACTAACATAGT-1_36173_Pla_HDBR9518710,8
CAGATCCTGGTTTGAA-1_36173_Pla_HDBR9518710,3
CAGCAGTCCAGACTAT-1_36173_Pla_HDBR9518710,1
CAGCCTCGATAGCGGT-1_36173_Pla_HDBR9518710,5
CAGCTCACTGAGACAT-1_36173_Pla_HDBR9518710,5
CAGCTCGTGCTTGTGT-1_36173_Pla_HDBR9518710,6
CAGGCGCACGGTGGTC-1_36173_Pla_HDBR9518710,2
CAGGCGCCATGCTAGG-1_36173_Pla_HDBR9518710,0
CAGTAAGGGACGTCTC-1_36173_Pla_HDBR9518710,4
CAGTAATCCCTCCCAG-1_36173_Pla_HDBR9518710,5
CAGTAGCGAGGTAGTA-1_36173_Pla_HDBR9518710,0
CAGTCTCTCGGCTAAT-1_36173_Pla_HDBR9518710,0
CAGTCTGTATACTGGG-1_36173_Pla_HDBR9518710,0
CAGTGGTTGCACATGA-1_36173_Pla_HDBR9518710,2
CAGTGTCCGCAGAATG-1_36173_Pla_HDBR9518710,3
CAGTGTCGGCTGGCCC-1_36173_Pla_HDBR9518710,7
CAGTTCAAATTGACAC-1_36173_Pla_HDBR9518710,3
CATACAAAGCCGAACC-1_36173_Pla_HDBR9518710,2
CATACGGCGTCTGGGC-1_36173_Pla_HDBR9518710,8
CATAGTGGGCACGCCT-1_36173_Pla_HDBR9518710,6
CATCATTACCCTGAGG-1_36173_Pla_HDBR9518710,3
CATCCAATATAGTTTG-1_36173_Pla_HDBR9518710,0
CATCCTCTCAAAGATC-1_36173_Pla_HDBR9518710,2
CATGAACCGACATTTG-1_36173_Pla_HDBR9518710,3
CATGGATTGTCTTCCG-1_36173_Pla_HDBR9518710,3
CATGGGTATGCCTTAT-1_36173_Pla_HDBR9518710,1
CATGGTAAGTAGCGTT-1_36173_Pla_HDBR9518710,0
CATGGTATTAGTTTGT-1_36173_Pla_HDBR9518710,6
CATGGTTTATTAATCA-1_36173_Pla_HDBR9518710,8
CATGTAAGAGACATTT-1_36173_Pla_HDBR9518710,2
CATGTCTCATTTATGG-1_36173_Pla_HDBR9518710,2
CATTATGCTTGTTGTG-1_36173_Pla_HDBR9518710,8
CATTCAGGTCAGTGCG-1_36173_Pla_HDBR9518710,3
CATTCCCTAAGTACAA-1_36173_Pla_HDBR9518710,0
CATTGTGTGCTAGATC-1_36173_Pla_HDBR9518710,0
CATTTCTAGCAGACTA-1_36173_Pla_HDBR9518710,2
CCAAACAGAACCCTCG-1_36173_Pla_HDBR9518710,8
CCAAAGTCCCGCTAAC-1_36173_Pla_HDBR9518710,3
CCAAGACTTCTGCGAA-1_36173_Pla_HDBR9518710,5
CCAAGCGTAACTCGTA-1_36173_Pla_HDBR9518710,3
CCACAGCTGAAATCAT-1_36173_Pla_HDBR9518710,0
CCACAGTACCCATCCT-1_36173_Pla_HDBR9518710,1
CCACCCAAGGAAAGTG-1_36173_Pla_HDBR9518710,3
CCACCTGTATGGAATA-1_36173_Pla_HDBR9518710,1
CCAGAAAGCAACTCAT-1_36173_Pla_HDBR9518710,0
CCAGCCTGGACCAATA-1_36173_Pla_HDBR9518710,0
CCAGCTACGCCTCATA-1_36173_Pla_HDBR9518710,7
CCAGGGACGTGGCCTC-1_36173_Pla_HDBR9518710,4
CCAGTCCATTATTCGA-1_36173_Pla_HDBR9518710,6
CCATAGAGGCTGCCAG-1_36173_Pla_HDBR9518710,6
CCATAGTCAGTAACCC-1_36173_Pla_HDBR9518710,0
CCATATGGAAACTATA-1_36173_Pla_HDBR9518710,1
CCATCCATACCAAGTC-1_36173_Pla_HDBR9518710,3
CCATCTTGTTCACAAT-1_36173_Pla_HDBR9518710,1
CCATGCCCTAGATTTC-1_36173_Pla_HDBR9518710,3
CCATGCTCTGCAGGAA-1_36173_Pla_HDBR9518710,7
CCCAGTAAACTTGGGA-1_36173_Pla_HDBR9518710,3
CCCAGTTAAGGCGCCG-1_36173_Pla_HDBR9518710,8
CCCATTATTGTATCCT-1_36173_Pla_HDBR9518710,8
CCCGCCATGCTCCCGT-1_36173_Pla_HDBR9518710,5
CCCGCGCAATGCACCC-1_36173_Pla_HDBR9518710,6
CCCGGTGTATCGGAAT-1_36173_Pla_HDBR9518710,1
CCCGTAGCTGGGAAGA-1_36173_Pla_HDBR9518710,0
CCCGTCAGCGTCTGAC-1_36173_Pla_HDBR9518710,6
CCCTAGTGTCAGGTGT-1_36173_Pla_HDBR9518710,1
CCCTATGTAGAGCAGA-1_36173_Pla_HDBR9518710,2
CCCTTCTCGTACGCGA-1_36173_Pla_HDBR9518710,1
CCGAAAGTGGTGAGCA-1_36173_Pla_HDBR9518710,2
CCGAAGCATTGACCAA-1_36173_Pla_HDBR9518710,4
CCGACGGGCATGAGGT-1_36173_Pla_HDBR9518710,6
CCGATATGACGTAAGG-1_36173_Pla_HDBR9518710,0
CCGCACAAAGACCAAC-1_36173_Pla_HDBR9518710,5
CCGCCGGAACTTCTCG-1_36173_Pla_HDBR9518710,7
CCGCGCAAGATACCCA-1_36173_Pla_HDBR9518710,1
CCGCTTCGCGGTTAAC-1_36173_Pla_HDBR9518710,7
CCGGTTTGTAATTGTG-1_36173_Pla_HDBR9518710,3
CCGTACCCAAGCGCCA-1_36173_Pla_HDBR9518710,1
CCGTAGGAAATCCCTG-1_36173_Pla_HDBR9518710,3
CCGTAGGGTTGTTTAC-1_36173_Pla_HDBR9518710,5
CCGTATCTCGTCGTAG-1_36173_Pla_HDBR9518710,1
CCGTCAACCTCTGGCG-1_36173_Pla_HDBR9518710,0
CCTAAATTAACGGTTC-1_36173_Pla_HDBR9518710,0
CCTAACCCAAACAAGT-1_36173_Pla_HDBR9518710,2
CCTAAGTGTCTAACCG-1_36173_Pla_HDBR9518710,0
CCTACATTCACAGACG-1_36173_Pla_HDBR9518710,1
CCTACGGCTCAGTCGA-1_36173_Pla_HDBR9518710,3
CCTACTGCTTACACTT-1_36173_Pla_HDBR9518710,8
CCTATAATGAGTGCCC-1_36173_Pla_HDBR9518710,2
CCTATATCGTGTCACG-1_36173_Pla_HDBR9518710,6
CCTATGGCTCCTAGTG-1_36173_Pla_HDBR9518710,2
CCTATTATTCCGGCCG-1_36173_Pla_HDBR9518710,6
CCTCACCAATCTTGAC-1_36173_Pla_HDBR9518710,3
CCTCACGTCAGCTAAT-1_36173_Pla_HDBR9518710,6
CCTCATGCAGCTACGA-1_36173_Pla_HDBR9518710,1
CCTCCTAGCTAGAGTC-1_36173_Pla_HDBR9518710,4
CCTCCTGTTGTGTCGT-1_36173_Pla_HDBR9518710,3
CCTCGGACCGGGATAG-1_36173_Pla_HDBR9518710,6
CCTCTATCGATTAGCA-1_36173_Pla_HDBR9518710,1
CCTGCGATAGAACTGT-1_36173_Pla_HDBR9518710,3
CCTGCTATTTGAGAAG-1_36173_Pla_HDBR9518710,7
CCTGTCACCCGGGCTC-1_36173_Pla_HDBR9518710,4
CCTGTCGCCCGTAAAT-1_36173_Pla_HDBR9518710,0
CCTGTCGTGTATGAAG-1_36173_Pla_HDBR9518710,0
CCTGTTTGAAGACACG-1_36173_Pla_HDBR9518710,2
CCTTTGAATTATGGCT-1_36173_Pla_HDBR9518710,6
CGAACAGTATGGGCGT-1_36173_Pla_HDBR9518710,1
CGAAGGGTTTCAGATT-1_36173_Pla_HDBR9518710,5
CGAATCTGCTCGACGC-1_36173_Pla_HDBR9518710,2
CGAATGAAGTCATTGC-1_36173_Pla_HDBR9518710,2
CGAATTCCCGGTTCAA-1_36173_Pla_HDBR9518710,4
CGACACGCTCCGACAG-1_36173_Pla_HDBR9518710,1
CGAGAGGGTAGCCGCG-1_36173_Pla_HDBR9518710,1
CGAGATGTTGCCTATA-1_36173_Pla_HDBR9518710,0
CGAGGCCAGGCATTGG-1_36173_Pla_HDBR9518710,3
CGAGGGACTGCGGTCG-1_36173_Pla_HDBR9518710,7
CGAGTGAAGGTACCAG-1_36173_Pla_HDBR9518710,1
CGAGTGCTATAGTTCG-1_36173_Pla_HDBR9518710,1
CGATAGCGATACAGTG-1_36173_Pla_HDBR9518710,4
CGATATTAGCCGCAGG-1_36173_Pla_HDBR9518710,8
CGATGTTGTTATCTAC-1_36173_Pla_HDBR9518710,1
CGCAATTACTTTCGGT-1_36173_Pla_HDBR9518710,6
CGCAATTAGGGTAATA-1_36173_Pla_HDBR9518710,0
CGCAGGCGATCCAAAC-1_36173_Pla_HDBR9518710,3
CGCATGGTGCGATGCT-1_36173_Pla_HDBR9518710,0
CGCATTAGCTAATAGG-1_36173_Pla_HDBR9518710,4
CGCCACCCGCATTAAC-1_36173_Pla_HDBR9518710,1
CGCCCTAATTGTTCAA-1_36173_Pla_HDBR9518710,0
CGCCGCCCATGCCTGT-1_36173_Pla_HDBR9518710,6
CGCCGTTCAGCATAGT-1_36173_Pla_HDBR9518710,8
CGCCTCCCTCCTCTAT-1_36173_Pla_HDBR9518710,0
CGCGAGTCTGCCGGGT-1_36173_Pla_HDBR9518710,1
CGCGCAAATGTCCAGA-1_36173_Pla_HDBR9518710,1
CGCGCAAGGAACTACA-1_36173_Pla_HDBR9518710,0
CGCGGCAGTATTACGG-1_36173_Pla_HDBR9518710,0
CGCGTGCTATCAACGA-1_36173_Pla_HDBR9518710,0
CGCGTGGGCCTGTGTT-1_36173_Pla_HDBR9518710,0
CGCGTTCATGAAATAC-1_36173_Pla_HDBR9518710,7
CGCTATACCGCCCACT-1_36173_Pla_HDBR9518710,3
CGCTATTCAATGTATG-1_36173_Pla_HDBR9518710,1
CGCTATTCTTAGGCTC-1_36173_Pla_HDBR9518710,0
CGCTCGACATAATGAT-1_36173_Pla_HDBR9518710,6
CGCTGAGGACGTCCAA-1_36173_Pla_HDBR9518710,8
CGCTGGTGACTACCCT-1_36173_Pla_HDBR9518710,7
CGCTGTGACGCCGCAC-1_36173_Pla_HDBR9518710,8
CGCTTCCACTGAAATC-1_36173_Pla_HDBR9518710,6
CGCTTGGACGGATAGA-1_36173_Pla_HDBR9518710,6
CGGAGCATGGCGATCC-1_36173_Pla_HDBR9518710,1
CGGCAATAAGATCGCC-1_36173_Pla_HDBR9518710,8
CGGCACTCAAGAAAGT-1_36173_Pla_HDBR9518710,1
CGGCCACGCACAAAGT-1_36173_Pla_HDBR9518710,0
CGGCGCCATCAATCCC-1_36173_Pla_HDBR9518710,1
CGGGAACGCCCTGCAT-1_36173_Pla_HDBR9518710,0
CGGGAAGTACCGTGGC-1_36173_Pla_HDBR9518710,1
CGGGAGCTTCAGTGTA-1_36173_Pla_HDBR9518710,6
CGGGCAGCTAAACCGC-1_36173_Pla_HDBR9518710,3
CGGGCCATAGCCGCAC-1_36173_Pla_HDBR9518710,0
CGGGTTGTAGCTTTGG-1_36173_Pla_HDBR9518710,3
CGGTACTAGAATCAAA-1_36173_Pla_HDBR9518710,5
CGGTCAGTCCATATTT-1_36173_Pla_HDBR9518710,8
CGGTGTACTTGATCCC-1_36173_Pla_HDBR9518710,1
CGGTTCCGGCTTCTTG-1_36173_Pla_HDBR9518710,3
CGGTTTACTGAACATT-1_36173_Pla_HDBR9518710,0
CGTAAACGCTTGAGTG-1_36173_Pla_HDBR9518710,3
CGTATCTAGAACTAAG-1_36173_Pla_HDBR9518710,4
CGTATTAAGAGATCTA-1_36173_Pla_HDBR9518710,4
CGTATTGTTTGGCGCC-1_36173_Pla_HDBR9518710,3
CGTCGCGGCGGGATTT-1_36173_Pla_HDBR9518710,0
CGTCGCTTGGTTATAC-1_36173_Pla_HDBR9518710,1
CGTCGGGTCTAAGCGC-1_36173_Pla_HDBR9518710,1
CGTGCAGACTGGGACA-1_36173_Pla_HDBR9518710,1
CGTGCCCTCCCGAAGA-1_36173_Pla_HDBR9518710,5
CGTGCTGGCCTAGTCG-1_36173_Pla_HDBR9518710,7
CGTGCTTCTACCTAAA-1_36173_Pla_HDBR9518710,2
CGTGGCCGAATATCTA-1_36173_Pla_HDBR9518710,8
CGTGTATGGGAGCTGA-1_36173_Pla_HDBR9518710,8
CGTGTCTCGTTACGAC-1_36173_Pla_HDBR9518710,0
CGTTAATGTCCCGACG-1_36173_Pla_HDBR9518710,3
CGTTGAGCGACCGTCG-1_36173_Pla_HDBR9518710,4
CGTTTACAAGGCAGCT-1_36173_Pla_HDBR9518710,6
CGTTTGTGTAGAGGGT-1_36173_Pla_HDBR9518710,0
CTAAAGTCCGAAGCTA-1_36173_Pla_HDBR9518710,3
CTAAATCCGGTGTACA-1_36173_Pla_HDBR9518710,1
CTAACAGCACAATAAC-1_36173_Pla_HDBR9518710,6
CTAACTGATAATCGCC-1_36173_Pla_HDBR9518710,3
CTAAGGGAATGATTGG-1_36173_Pla_HDBR9518710,7
CTAATTTCAACAACAC-1_36173_Pla_HDBR9518710,1
CTACACTAGCTTGTTC-1_36173_Pla_HDBR9518710,4
CTACACTCGCAGATGG-1_36173_Pla_HDBR9518710,1
CTACATATCGCGGGAC-1_36173_Pla_HDBR9518710,0
CTACGTGTTGCCACCA-1_36173_Pla_HDBR9518710,0
CTACTATCATAGGTTT-1_36173_Pla_HDBR9518710,7
CTACTGCCACCTGACC-1_36173_Pla_HDBR9518710,8
CTAGATAAACTCCTCG-1_36173_Pla_HDBR9518710,0
CTAGATTTACGACGGC-1_36173_Pla_HDBR9518710,0
CTAGCAACTAATTTAC-1_36173_Pla_HDBR9518710,0
CTAGCATAGTATAATG-1_36173_Pla_HDBR9518710,6
CTAGGCGCCCTATCAG-1_36173_Pla_HDBR9518710,1
CTAGGCGGCAGAGAAT-1_36173_Pla_HDBR9518710,0
CTAGTCACGTCTTAAG-1_36173_Pla_HDBR9518710,0
CTATACTTAAAGCGAG-1_36173_Pla_HDBR9518710,6
CTATCGACGAAATACA-1_36173_Pla_HDBR9518710,7
CTATCGGGTCTCAACA-1_36173_Pla_HDBR9518710,8
CTATGGGAAGCGGAAT-1_36173_Pla_HDBR9518710,1
CTATGTCACTAGCCCA-1_36173_Pla_HDBR9518710,6
CTCAGGACTCACCTGT-1_36173_Pla_HDBR9518710,3
CTCATGGTAATTTGCG-1_36173_Pla_HDBR9518710,1
CTCATTTGATGGGCGG-1_36173_Pla_HDBR9518710,5
CTCCCTCCTTTCGATC-1_36173_Pla_HDBR9518710,4
CTCCGGCCTAATATGC-1_36173_Pla_HDBR9518710,5
CTCCGGCTTGTAGACA-1_36173_Pla_HDBR9518710,3
CTCCTAAGTTATGTCT-1_36173_Pla_HDBR9518710,2
CTCGAGGTCGAACAGT-1_36173_Pla_HDBR9518710,6
CTCGCATTGCATAGCC-1_36173_Pla_HDBR9518710,7
CTCGGGTTCTCTGGCC-1_36173_Pla_HDBR9518710,2
CTCGGTACCACTGCTC-1_36173_Pla_HDBR9518710,3
CTCGGTTGTCGGCCCT-1_36173_Pla_HDBR9518710,6
CTCGTCGAGGGCTCAT-1_36173_Pla_HDBR9518710,2
CTCTCACAATCGATGA-1_36173_Pla_HDBR9518710,1
CTCTCTAACTGCCTAG-1_36173_Pla_HDBR9518710,3
CTCTGGACGCCTGGTG-1_36173_Pla_HDBR9518710,0
CTCTTCTATTGACTGG-1_36173_Pla_HDBR9518710,4
CTGAGAGTAGAAATAC-1_36173_Pla_HDBR9518710,3
CTGAGCAAGTAACAAG-1_36173_Pla_HDBR9518710,1
CTGCACAACTACATAT-1_36173_Pla_HDBR9518710,0
CTGCAGAGAATCAGAG-1_36173_Pla_HDBR9518710,5
CTGCCTTTAATACCTT-1_36173_Pla_HDBR9518710,1
CTGCTCTCAACACACC-1_36173_Pla_HDBR9518710,7
CTGGAAATGGATGCTT-1_36173_Pla_HDBR9518710,3
CTGGAAGACACGGTGG-1_36173_Pla_HDBR9518710,2
CTGGACGCAGTCCGGC-1_36173_Pla_HDBR9518710,8
CTGGCGGGAATAAGTA-1_36173_Pla_HDBR9518710,1
CTGGCTCCTGCGGGAT-1_36173_Pla_HDBR9518710,0
CTGGCTGATTCATCCT-1_36173_Pla_HDBR9518710,7
CTGGCTGCTAACGTAA-1_36173_Pla_HDBR9518710,3
CTGGGTAGGCAGTTAA-1_36173_Pla_HDBR9518710,5
CTGGGTTGAGTTAAAG-1_36173_Pla_HDBR9518710,3
CTGGTAACACATAGAA-1_36173_Pla_HDBR9518710,6
CTGGTGAATGGGCCTA-1_36173_Pla_HDBR9518710,0
CTGGTTCAACGCATCA-1_36173_Pla_HDBR9518710,1
CTGGTTTCGAGCAAGA-1_36173_Pla_HDBR9518710,1
CTGTATGGTGTAGAAA-1_36173_Pla_HDBR9518710,6
CTGTGCAGGGTAGGTC-1_36173_Pla_HDBR9518710,3
CTGTGGTCGGGAGATA-1_36173_Pla_HDBR9518710,1
CTGTTCATCTCACGGG-1_36173_Pla_HDBR9518710,0
CTGTTGTTCAGTCGTA-1_36173_Pla_HDBR9518710,1
CTTAACTTACAGTATA-1_36173_Pla_HDBR9518710,4
CTTACTGACTCCTCTG-1_36173_Pla_HDBR9518710,8
CTTAGGTATAGACCAG-1_36173_Pla_HDBR9518710,3
CTTATGTTGACTACCA-1_36173_Pla_HDBR9518710,0
CTTCAGTGGTCGCCTA-1_36173_Pla_HDBR9518710,3
CTTCATAGCTCAAGAA-1_36173_Pla_HDBR9518710,5
CTTCATTGTCAGTGGA-1_36173_Pla_HDBR9518710,0
CTTCGTGCCCGCATCG-1_36173_Pla_HDBR9518710,0
CTTGAGGTTATCCCGA-1_36173_Pla_HDBR9518710,1
CTTGTCGTACGTGTCA-1_36173_Pla_HDBR9518710,0
CTTGTGAGTCTTTGAC-1_36173_Pla_HDBR9518710,2
CTTGTTGCTGAGTCAA-1_36173_Pla_HDBR9518710,8
CTTGTTTATGTAGCCA-1_36173_Pla_HDBR9518710,2
CTTTACCGAATAGTAG-1_36173_Pla_HDBR9518710,2
CTTTAGGAACACTGTT-1_36173_Pla_HDBR9518710,3
CTTTGCATCGCTCTTG-1_36173_Pla_HDBR9518710,3
CTTTGTCGAATGCTCC-1_36173_Pla_HDBR9518710,5
GAAACATAGGAAACAG-1_36173_Pla_HDBR9518710,2
GAAATACTAAACGTTT-1_36173_Pla_HDBR9518710,2
GAAATGGCGGTGTTAG-1_36173_Pla_HDBR9518710,3
GAAATGGGATGTAAAC-1_36173_Pla_HDBR9518710,0
GAACAACTGGGATGAA-1_36173_Pla_HDBR9518710,6
GAACACACATCAACCA-1_36173_Pla_HDBR9518710,4
GAAGAAACGATATTGT-1_36173_Pla_HDBR9518710,2
GAAGAACGGTGCAGGT-1_36173_Pla_HDBR9518710,3
GAAGCGTGAGGAATTT-1_36173_Pla_HDBR9518710,0
GAAGCTCGGACCCGTC-1_36173_Pla_HDBR9518710,7
GAATAGTGCTCGATTA-1_36173_Pla_HDBR9518710,3
GAATCGACATGGTCAC-1_36173_Pla_HDBR9518710,0
GAATCGCCGGACACGG-1_36173_Pla_HDBR9518710,6
GAATCTGAACATTCTC-1_36173_Pla_HDBR9518710,0
GAATGTGGTCCGGATT-1_36173_Pla_HDBR9518710,5
GAATTATAGTGAAAGG-1_36173_Pla_HDBR9518710,8
GACAAGACGCCCGTGC-1_36173_Pla_HDBR9518710,8
GACACGAGTTAGAGGA-1_36173_Pla_HDBR9518710,1
GACAGCCAGACCTGAC-1_36173_Pla_HDBR9518710,6
GACCCAATTATGATAC-1_36173_Pla_HDBR9518710,1
GACCGATTAAATATGT-1_36173_Pla_HDBR9518710,3
GACGAGGCTAATAAAC-1_36173_Pla_HDBR9518710,6
GACGCATACCCGTCGG-1_36173_Pla_HDBR9518710,5
GACGCCTGTTGCAGGG-1_36173_Pla_HDBR9518710,1
GACGGGATGTCTTATG-1_36173_Pla_HDBR9518710,0
GACGTGAGACTCCATG-1_36173_Pla_HDBR9518710,0
GACTAAGTAGGCTCAC-1_36173_Pla_HDBR9518710,3
GACTACAAAGCGGTGG-1_36173_Pla_HDBR9518710,4
GACTCCTTCCAATTGA-1_36173_Pla_HDBR9518710,4
GACTGCACCAGCCCAG-1_36173_Pla_HDBR9518710,8
GAGAAACTGGATCCCA-1_36173_Pla_HDBR9518710,0
GAGACTGATGGGTAGA-1_36173_Pla_HDBR9518710,3
GAGATCGATCTTACTC-1_36173_Pla_HDBR9518710,3
GAGATCTTCCATGACA-1_36173_Pla_HDBR9518710,5
GAGCATCATCCCTGGG-1_36173_Pla_HDBR9518710,6
GAGCCAGCTACCTGTG-1_36173_Pla_HDBR9518710,6
GAGCGCGCACGAGTAG-1_36173_Pla_HDBR9518710,3
GAGCGCTATGTCAGGC-1_36173_Pla_HDBR9518710,3
GAGCGCTGTTAGGTAA-1_36173_Pla_HDBR9518710,6
GAGCTCTCGGACCTAA-1_36173_Pla_HDBR9518710,3
GAGGCCCGACTCCGCA-1_36173_Pla_HDBR9518710,3
GAGGCCTGTTGATACA-1_36173_Pla_HDBR9518710,0
GAGGGCATCGCGTATC-1_36173_Pla_HDBR9518710,2
GAGGTCCCAAAGATCT-1_36173_Pla_HDBR9518710,2
GAGTAAATTAAGAACC-1_36173_Pla_HDBR9518710,8
GAGTACGGGTATACAA-1_36173_Pla_HDBR9518710,5
GAGTGTGCGGTACCCA-1_36173_Pla_HDBR9518710,4
GAGTTCTGTGGGTGCT-1_36173_Pla_HDBR9518710,4
GAGTTGATGGCAATTT-1_36173_Pla_HDBR9518710,3
GAGTTGTCACCAGTCT-1_36173_Pla_HDBR9518710,3
GATAAATCGGTGGATG-1_36173_Pla_HDBR9518710,1
GATAAGGCAGATGCAA-1_36173_Pla_HDBR9518710,2
GATATGAGACACTAAC-1_36173_Pla_HDBR9518710,4
GATCATTCCAAACATT-1_36173_Pla_HDBR9518710,7
GATCCCTTTATACTGC-1_36173_Pla_HDBR9518710,7
GATCCGGGAATTAACA-1_36173_Pla_HDBR9518710,0
GATCCTCGACACTGGC-1_36173_Pla_HDBR9518710,4
GATCGACACTATCTGA-1_36173_Pla_HDBR9518710,8
GATCGCTACCCGATTT-1_36173_Pla_HDBR9518710,7
GATCGCTATATCTCAG-1_36173_Pla_HDBR9518710,2
GATCGTGACTGATATC-1_36173_Pla_HDBR9518710,6
GATCTTGGAGGGCATA-1_36173_Pla_HDBR9518710,3
GATGACAAGTAGGGCA-1_36173_Pla_HDBR9518710,2
GATGATTTGAAACTGG-1_36173_Pla_HDBR9518710,0
GATGCCACACTACAGC-1_36173_Pla_HDBR9518710,1
GATGCCTTCTGCGGCA-1_36173_Pla_HDBR9518710,7
GATGCTGTATTTCATC-1_36173_Pla_HDBR9518710,4
GATGGCGCACACATTA-1_36173_Pla_HDBR9518710,1
GATGTAACGAACCACC-1_36173_Pla_HDBR9518710,4
GATGTCCGGATCACAT-1_36173_Pla_HDBR9518710,5
GATGTTTGTGCGAGAT-1_36173_Pla_HDBR9518710,1
GATTAACCGAAAGCCC-1_36173_Pla_HDBR9518710,2
GATTAATCCTGGCTCA-1_36173_Pla_HDBR9518710,0
GATTCGACGGTTCACG-1_36173_Pla_HDBR9518710,0
GATTGCTCCAGTTGCA-1_36173_Pla_HDBR9518710,2
GCAAACCCTACATTAT-1_36173_Pla_HDBR9518710,1
GCAAACGTAAGCGACC-1_36173_Pla_HDBR9518710,0
GCAAAGGGCGTTAGCC-1_36173_Pla_HDBR9518710,3
GCAAGTGCACAGAGAA-1_36173_Pla_HDBR9518710,1
GCACAAACCCTAGATG-1_36173_Pla_HDBR9518710,3
GCACAACCTCGGGCGT-1_36173_Pla_HDBR9518710,5
GCACACACTGGTAGCC-1_36173_Pla_HDBR9518710,2
GCACCTTCCCGAAGGT-1_36173_Pla_HDBR9518710,8
GCACGCCTACTTAGAT-1_36173_Pla_HDBR9518710,3
GCACTGTGCAAATGTA-1_36173_Pla_HDBR9518710,3
GCAGATCCATAAGACT-1_36173_Pla_HDBR9518710,1
GCAGATTAGGGATATC-1_36173_Pla_HDBR9518710,0
GCAGCGGTGGGCATTA-1_36173_Pla_HDBR9518710,0
GCAGGAACTTAGATCT-1_36173_Pla_HDBR9518710,7
GCAGTGCGGGCGGATG-1_36173_Pla_HDBR9518710,6
GCATAGAGCACTCAGG-1_36173_Pla_HDBR9518710,0
GCATCCCTAACTTTGA-1_36173_Pla_HDBR9518710,5
GCATCGGCCGTGTAGG-1_36173_Pla_HDBR9518710,5
GCCACTCAGAGCGCGA-1_36173_Pla_HDBR9518710,3
GCCATCGAGCTGCGTG-1_36173_Pla_HDBR9518710,6
GCCATTAGCCTCAAAC-1_36173_Pla_HDBR9518710,3
GCCCACCAAGGCTGTC-1_36173_Pla_HDBR9518710,3
GCCCAGTTGGTATGCC-1_36173_Pla_HDBR9518710,7
GCCCGACTTCTTCCCG-1_36173_Pla_HDBR9518710,5
GCCCGAGAGTCTAAAT-1_36173_Pla_HDBR9518710,5
GCCCGCGCGTTTGACA-1_36173_Pla_HDBR9518710,1
GCCCGTCAAGCCCAAT-1_36173_Pla_HDBR9518710,1
GCCCTAGCCGTCGCGA-1_36173_Pla_HDBR9518710,1
GCCGACCCACGACTGC-1_36173_Pla_HDBR9518710,2
GCCGGTTTGGGCGGAT-1_36173_Pla_HDBR9518710,0
GCCTAGCGATCTGACC-1_36173_Pla_HDBR9518710,1
GCCTATCAGGTAAGAT-1_36173_Pla_HDBR9518710,7
GCCTCCGACAATTCAC-1_36173_Pla_HDBR9518710,1
GCCTTTGTCAGTGGAC-1_36173_Pla_HDBR9518710,1
GCGAAACGATCGGGAG-1_36173_Pla_HDBR9518710,3
GCGAAACTTAACTGGA-1_36173_Pla_HDBR9518710,5
GCGAAGCCATACCCGT-1_36173_Pla_HDBR9518710,8
GCGACCCAACCATCTG-1_36173_Pla_HDBR9518710,1
GCGAGTTCTGCAAAGA-1_36173_Pla_HDBR9518710,0
GCGATTGTTAACGTTA-1_36173_Pla_HDBR9518710,6
GCGCAAATATATTCAA-1_36173_Pla_HDBR9518710,2
GCGCCGTTCCACGATA-1_36173_Pla_HDBR9518710,0
GCGCGTCATTGGTACA-1_36173_Pla_HDBR9518710,1
GCGCTAATTGAATAGA-1_36173_Pla_HDBR9518710,8
GCGCTTAAATAATTGG-1_36173_Pla_HDBR9518710,2
GCGGACCGCGTTGTGG-1_36173_Pla_HDBR9518710,8
GCGGAGAAACTTCGCA-1_36173_Pla_HDBR9518710,3
GCGGAGAGGGAGAACG-1_36173_Pla_HDBR9518710,5
GCGGCAAAGTATTGCC-1_36173_Pla_HDBR9518710,2
GCGGTAACCCAAATGA-1_36173_Pla_HDBR9518710,0
GCGTCCAGCTCGTGGC-1_36173_Pla_HDBR9518710,0
GCGTTCTGACTAAGCG-1_36173_Pla_HDBR9518710,8
GCTAACTGAAGTCTGA-1_36173_Pla_HDBR9518710,3
GCTAATACCGAATGCC-1_36173_Pla_HDBR9518710,6
GCTACACTGTCCGAAC-1_36173_Pla_HDBR9518710,3
GCTACGACTTATTGGG-1_36173_Pla_HDBR9518710,0
GCTACTATAGTAGAGT-1_36173_Pla_HDBR9518710,3
GCTAGAGTAGAGATGT-1_36173_Pla_HDBR9518710,1
GCTAGCGATAGGTCTT-1_36173_Pla_HDBR9518710,3
GCTAGGCACCACGGAG-1_36173_Pla_HDBR9518710,2
GCTAGTAGAGCTTGTA-1_36173_Pla_HDBR9518710,6
GCTAGTTTCATTGAGG-1_36173_Pla_HDBR9518710,7
GCTATACGTCTCGGAC-1_36173_Pla_HDBR9518710,6
GCTATCATACTCATGG-1_36173_Pla_HDBR9518710,1
GCTATCGCGGCGCAAC-1_36173_Pla_HDBR9518710,1
GCTCAATCCGTTTATT-1_36173_Pla_HDBR9518710,7
GCTCCATGAGTGCAGA-1_36173_Pla_HDBR9518710,4
GCTCCTGACATACTGG-1_36173_Pla_HDBR9518710,1
GCTCTATGTTACGTGC-1_36173_Pla_HDBR9518710,3
GCTGAAGGGTTCTTGG-1_36173_Pla_HDBR9518710,0
GCTGAATCTTCCAATC-1_36173_Pla_HDBR9518710,1
GCTGAGGCGTGAGTAT-1_36173_Pla_HDBR9518710,3
GCTGCACGGTTTCTTA-1_36173_Pla_HDBR9518710,0
GCTGCTACTGCGTAGC-1_36173_Pla_HDBR9518710,0
GCTGCTCTCCGGACAC-1_36173_Pla_HDBR9518710,8
GCTGGTTTAGGCCATA-1_36173_Pla_HDBR9518710,2
GCTTAATGTAACTAAC-1_36173_Pla_HDBR9518710,5
GCTTGATGATAATCAG-1_36173_Pla_HDBR9518710,3
GGAAACTAAATGGGCC-1_36173_Pla_HDBR9518710,5
GGAACCTTGACTCTGC-1_36173_Pla_HDBR9518710,1
GGACAACCATGAAGCC-1_36173_Pla_HDBR9518710,6
GGACAAGCCATGATCG-1_36173_Pla_HDBR9518710,1
GGACCTCTAGGCCGCC-1_36173_Pla_HDBR9518710,2
GGACTCGAAGCTTTCA-1_36173_Pla_HDBR9518710,5
GGACTCTTCCGGTTGA-1_36173_Pla_HDBR9518710,8
GGAGAAGTCATTGGCA-1_36173_Pla_HDBR9518710,0
GGAGACGACACCTTTG-1_36173_Pla_HDBR9518710,0
GGAGCAACATTTCAAG-1_36173_Pla_HDBR9518710,1
GGAGTTGATTCTGTGT-1_36173_Pla_HDBR9518710,8
GGATCCCTACCAGCTA-1_36173_Pla_HDBR9518710,3
GGATCTTGACTCAACC-1_36173_Pla_HDBR9518710,4
GGATTCAGTACGGTGG-1_36173_Pla_HDBR9518710,1
GGCAAAGGCGCCAATA-1_36173_Pla_HDBR9518710,3
GGCAAGGCGAAATAGC-1_36173_Pla_HDBR9518710,0
GGCAATAGTCAATGAG-1_36173_Pla_HDBR9518710,6
GGCAGCAAACCTATGC-1_36173_Pla_HDBR9518710,6
GGCCGAGACTCTGGTG-1_36173_Pla_HDBR9518710,3
GGCCGCAGGAACCGCA-1_36173_Pla_HDBR9518710,8
GGCGAAATCTAACTTG-1_36173_Pla_HDBR9518710,0
GGCGAGCATCGAGGAC-1_36173_Pla_HDBR9518710,0
GGCGCGGAGATCTTTC-1_36173_Pla_HDBR9518710,1
GGCGCTCCTCATCAAT-1_36173_Pla_HDBR9518710,3
GGCGGTAGGATCATTG-1_36173_Pla_HDBR9518710,1
GGCTCCTCCACCTGTT-1_36173_Pla_HDBR9518710,3
GGCTCGTGCCACCAGC-1_36173_Pla_HDBR9518710,1
GGCTGAAATAGCAAAG-1_36173_Pla_HDBR9518710,8
GGCTGGCTAGCTTAAA-1_36173_Pla_HDBR9518710,2
GGGAAAGAATGCCAAC-1_36173_Pla_HDBR9518710,8
GGGAACCACCTGTTTC-1_36173_Pla_HDBR9518710,0
GGGACAGAGTTACTCC-1_36173_Pla_HDBR9518710,6
GGGACTGCATAGATAG-1_36173_Pla_HDBR9518710,8
GGGAGAACTCACAGTA-1_36173_Pla_HDBR9518710,0
GGGAGTAATGGCTGGC-1_36173_Pla_HDBR9518710,5
GGGAGTTAATGAGGCG-1_36173_Pla_HDBR9518710,0
GGGATGGACCCGCGTC-1_36173_Pla_HDBR9518710,4
GGGATTTACCGCACCT-1_36173_Pla_HDBR9518710,5
GGGCAACCGCACGTGC-1_36173_Pla_HDBR9518710,1
GGGCACTATTGACCAT-1_36173_Pla_HDBR9518710,6
GGGCAGGATTTCTGTG-1_36173_Pla_HDBR9518710,4
GGGCCATTCGTGCTGG-1_36173_Pla_HDBR9518710,0
GGGCGATATGTGTGAA-1_36173_Pla_HDBR9518710,3
GGGCGATCCATAGGCC-1_36173_Pla_HDBR9518710,3
GGGCGGTCCTATTGTC-1_36173_Pla_HDBR9518710,7
GGGCTGCCTAGGGCGA-1_36173_Pla_HDBR9518710,8
GGGCTGGTTAGTCGCG-1_36173_Pla_HDBR9518710,0
GGGTAATGCTGTGTTT-1_36173_Pla_HDBR9518710,1
GGGTACCCACGGTCCT-1_36173_Pla_HDBR9518710,3
GGGTATTCTAGCAAAC-1_36173_Pla_HDBR9518710,3
GGTAAACTCTGCGCTG-1_36173_Pla_HDBR9518710,8
GGTAACCGGGAGGATA-1_36173_Pla_HDBR9518710,2
GGTACGTTGCGGCCGG-1_36173_Pla_HDBR9518710,8
GGTAGTGCTCGCACCA-1_36173_Pla_HDBR9518710,8
GGTCAAGACTACTTCG-1_36173_Pla_HDBR9518710,6
GGTCACGTTAGATTCA-1_36173_Pla_HDBR9518710,5
GGTCGGTAATTAGACA-1_36173_Pla_HDBR9518710,1
GGTCTCTGAATGGACT-1_36173_Pla_HDBR9518710,3
GGTGAACGGGCTAGCC-1_36173_Pla_HDBR9518710,0
GGTGACTGATAGAGAG-1_36173_Pla_HDBR9518710,6
GGTGAGATGCAGATAA-1_36173_Pla_HDBR9518710,0
GGTGATAAGGAGCAGT-1_36173_Pla_HDBR9518710,7
GGTGATTTCATCTTGT-1_36173_Pla_HDBR9518710,7
GGTGGACTGCTCTGGC-1_36173_Pla_HDBR9518710,2
GGTTAGCTATATGTCT-1_36173_Pla_HDBR9518710,1
GGTTTGAGTGCTGGAA-1_36173_Pla_HDBR9518710,6
GTAACTTGCGGCAGTC-1_36173_Pla_HDBR9518710,6
GTAAGTAACAGTCTGG-1_36173_Pla_HDBR9518710,3
GTAATCTGATTCTTCG-1_36173_Pla_HDBR9518710,6
GTACACTTACCTGAAG-1_36173_Pla_HDBR9518710,0
GTACGACGGCGCTGCG-1_36173_Pla_HDBR9518710,1
GTACGCTTCATTGCAC-1_36173_Pla_HDBR9518710,0
GTACGTTTGCCCGTCA-1_36173_Pla_HDBR9518710,0
GTACTAAGATTTGGAG-1_36173_Pla_HDBR9518710,8
GTACTGCATGAAGCGT-1_36173_Pla_HDBR9518710,1
GTACTTGGGCACTTCT-1_36173_Pla_HDBR9518710,7
GTAGACGTCGTTACAT-1_36173_Pla_HDBR9518710,1
GTAGAGGGAGACAAGT-1_36173_Pla_HDBR9518710,6
GTAGCGGCTATACACT-1_36173_Pla_HDBR9518710,3
GTAGTCGCGGGAATCA-1_36173_Pla_HDBR9518710,3
GTATAGGACTCAGTAG-1_36173_Pla_HDBR9518710,5
GTATATGTTACGGCGG-1_36173_Pla_HDBR9518710,1
GTATCAAACGTTAGCT-1_36173_Pla_HDBR9518710,3
GTATCAGCTTGGGTTC-1_36173_Pla_HDBR9518710,7
GTATCTCAGTCTTGAC-1_36173_Pla_HDBR9518710,1
GTATGAAATTTCACTC-1_36173_Pla_HDBR9518710,0
GTATGACGTGGGAAAC-1_36173_Pla_HDBR9518710,0
GTATTAAGGCGTCTAA-1_36173_Pla_HDBR9518710,1
GTATTCTTACCGTGCT-1_36173_Pla_HDBR9518710,3
GTCAAAGAAGTGGTGT-1_36173_Pla_HDBR9518710,3
GTCAAAGTTTACATAG-1_36173_Pla_HDBR9518710,2
GTCAAGCGGACTCGGG-1_36173_Pla_HDBR9518710,3
GTCACTCATGAGCGAT-1_36173_Pla_HDBR9518710,0
GTCACTCTCCAAATCT-1_36173_Pla_HDBR9518710,3
GTCATGCACCTCCGTT-1_36173_Pla_HDBR9518710,8
GTCATGCGCGAGGGCT-1_36173_Pla_HDBR9518710,1
GTCATGGACATGACTA-1_36173_Pla_HDBR9518710,4
GTCATTAGAGCGAACG-1_36173_Pla_HDBR9518710,0
GTCCCAACGTAAAGTA-1_36173_Pla_HDBR9518710,6
GTCCGGACCTGAAATT-1_36173_Pla_HDBR9518710,1
GTCCGGCTGAATTGCG-1_36173_Pla_HDBR9518710,0
GTCCTACGAATAGTCT-1_36173_Pla_HDBR9518710,3
GTCCTAGGATACCTTA-1_36173_Pla_HDBR9518710,4
GTCGCGTAACCCGTTG-1_36173_Pla_HDBR9518710,6
GTCGTTATTCGCTTAT-1_36173_Pla_HDBR9518710,3
GTCTATTGGTTCCGGT-1_36173_Pla_HDBR9518710,1
GTCTCCTGCCAGTATG-1_36173_Pla_HDBR9518710,7
GTGAAACGTGCTCCAC-1_36173_Pla_HDBR9518710,1
GTGAGGACACTTAAGG-1_36173_Pla_HDBR9518710,7
GTGATCAAGCGTGCAC-1_36173_Pla_HDBR9518710,1
GTGATCACTAACGCCT-1_36173_Pla_HDBR9518710,3
GTGCGCAGCTTGCTCC-1_36173_Pla_HDBR9518710,0
GTGCGGGACCATCGGC-1_36173_Pla_HDBR9518710,5
GTGCGTGTATATGAGC-1_36173_Pla_HDBR9518710,6
GTGGACGTGCTGAGAC-1_36173_Pla_HDBR9518710,1
GTGGAGCGTTTACCGA-1_36173_Pla_HDBR9518710,1
GTGGAGTCGGCGGTTG-1_36173_Pla_HDBR9518710,7
GTGGCAAACAGCGGCA-1_36173_Pla_HDBR9518710,4
GTGGCCGGTTTCTCGG-1_36173_Pla_HDBR9518710,3
GTGGTGGCCAAGTGAA-1_36173_Pla_HDBR9518710,5
GTGTGAGCCGAGGTGC-1_36173_Pla_HDBR9518710,0
GTGTTACTATGCGTCC-1_36173_Pla_HDBR9518710,0
GTTAAAGTAGGACTGG-1_36173_Pla_HDBR9518710,2
GTTAATAGCGTCATTA-1_36173_Pla_HDBR9518710,0
GTTACGAAATCCACGC-1_36173_Pla_HDBR9518710,0
GTTACGGCCCGACTGC-1_36173_Pla_HDBR9518710,4
GTTAGGCTACCCGTTT-1_36173_Pla_HDBR9518710,1
GTTATCAAGCTATCGA-1_36173_Pla_HDBR9518710,6
GTTCCAAGACAGCGAC-1_36173_Pla_HDBR9518710,0
GTTCGTCTAAAGAACT-1_36173_Pla_HDBR9518710,2
GTTCGTTGCGGACCAG-1_36173_Pla_HDBR9518710,0
GTTGAGTCCCGCCGGT-1_36173_Pla_HDBR9518710,0
GTTGCACGGAGTTTCG-1_36173_Pla_HDBR9518710,4
GTTGCAGTCGACAACA-1_36173_Pla_HDBR9518710,4
GTTGTTGCAAGATGGC-1_36173_Pla_HDBR9518710,6
GTTTCCTGGAGGGTGA-1_36173_Pla_HDBR9518710,8
GTTTCTGCAGTCTCCC-1_36173_Pla_HDBR9518710,6
GTTTGACCAAATCCTA-1_36173_Pla_HDBR9518710,7
GTTTGGCCCAAGTTAT-1_36173_Pla_HDBR9518710,8
GTTTGGCCGCTCAGCG-1_36173_Pla_HDBR9518710,2
TAAACCCAGGAGGGCA-1_36173_Pla_HDBR9518710,0
TAAATGAATCCGTTTC-1_36173_Pla_HDBR9518710,3
TAAATGGGCTACTGAG-1_36173_Pla_HDBR9518710,6
TAACAAAGGGAGAAGC-1_36173_Pla_HDBR9518710,1
TAACATACAATGTGGG-1_36173_Pla_HDBR9518710,0
TAACATACACGCGATC-1_36173_Pla_HDBR9518710,1
TAACTCCATGGAGGCT-1_36173_Pla_HDBR9518710,2
TAACTGAAATACGCCT-1_36173_Pla_HDBR9518710,0
TAAGAGGGACAGGGAC-1_36173_Pla_HDBR9518710,2
TAAGATTTAGCGGGAG-1_36173_Pla_HDBR9518710,3
TAAGCGCGAATCAAAT-1_36173_Pla_HDBR9518710,3
TAAGGAACTTGTGGGA-1_36173_Pla_HDBR9518710,1
TAAGGCTGAATCCCTC-1_36173_Pla_HDBR9518710,6
TAAGGGCCTGTCCGAT-1_36173_Pla_HDBR9518710,2
TAAGTCGCCGAGTATC-1_36173_Pla_HDBR9518710,0
TAAGTCGGTGAGCTAG-1_36173_Pla_HDBR9518710,8
TAAGTTGCGACGTAGG-1_36173_Pla_HDBR9518710,1
TAATAGGTCACCAGAA-1_36173_Pla_HDBR9518710,3
TAATTAGATGGATATG-1_36173_Pla_HDBR9518710,2
TAATTCCAATGCTTCA-1_36173_Pla_HDBR9518710,6
TAATTGCGCTGATTAC-1_36173_Pla_HDBR9518710,0
TACAGAAACGGTGGGC-1_36173_Pla_HDBR9518710,3
TACCAATAAAGTACCA-1_36173_Pla_HDBR9518710,2
TACCCTCGGTAACCCT-1_36173_Pla_HDBR9518710,1
TACCTCTTTACCATCC-1_36173_Pla_HDBR9518710,4
TACCTTAAGATTTCCC-1_36173_Pla_HDBR9518710,5
TACGAACACGACTTCA-1_36173_Pla_HDBR9518710,0
TACGCCGAGGGTACCC-1_36173_Pla_HDBR9518710,7
TACGGCATGGACGCTA-1_36173_Pla_HDBR9518710,0
TACGTGCACTATGCTG-1_36173_Pla_HDBR9518710,0
TACTCATTGACGCATC-1_36173_Pla_HDBR9518710,0
TACTGAGGGAAGAAAG-1_36173_Pla_HDBR9518710,4
TACTTAAACATGTACA-1_36173_Pla_HDBR9518710,8
TAGAAGAAGGGTTACA-1_36173_Pla_HDBR9518710,6
TAGAATAGCCGATGAA-1_36173_Pla_HDBR9518710,5
TAGAGGTTCTACTTGT-1_36173_Pla_HDBR9518710,6
TAGAGTCTAAGCGAAC-1_36173_Pla_HDBR9518710,1
TAGATGGTTCCTTACT-1_36173_Pla_HDBR9518710,3
TAGCAACCTGTCACAA-1_36173_Pla_HDBR9518710,6
TAGCCATTTCAAAGTC-1_36173_Pla_HDBR9518710,6
TAGCGTCCGGTGTGGT-1_36173_Pla_HDBR9518710,0
TAGCGTTGGGTCTTAC-1_36173_Pla_HDBR9518710,0
TAGCTAAGTCCGGGAG-1_36173_Pla_HDBR9518710,3
TAGGCCTATATAGTCT-1_36173_Pla_HDBR9518710,8
TAGGCGATGAGGTCTC-1_36173_Pla_HDBR9518710,1
TAGGCGGCTGCAAAGA-1_36173_Pla_HDBR9518710,5
TAGGCTAAAGTGGCAC-1_36173_Pla_HDBR9518710,5
TAGGTTCGAGTTCGTC-1_36173_Pla_HDBR9518710,3
TAGTACCACAACTTTC-1_36173_Pla_HDBR9518710,5
TAGTCGATCACGGGTT-1_36173_Pla_HDBR9518710,1
TAGTGACAAGCTCTAC-1_36173_Pla_HDBR9518710,0
TAGTGCCCTCCAGAGT-1_36173_Pla_HDBR9518710,0
TAGTTTGATCGGTCGC-1_36173_Pla_HDBR9518710,7
TATAAATCCACAAGCT-1_36173_Pla_HDBR9518710,6
TATAAGTGAGGATAGC-1_36173_Pla_HDBR9518710,7
TATACACGCAAAGTAT-1_36173_Pla_HDBR9518710,6
TATATATCGAGAAATG-1_36173_Pla_HDBR9518710,2
TATCCAATTGGTTATC-1_36173_Pla_HDBR9518710,3
TATCCATCTCGGTTAG-1_36173_Pla_HDBR9518710,2
TATCGATGATTAAACG-1_36173_Pla_HDBR9518710,7
TATCTGAGCCGATATT-1_36173_Pla_HDBR9518710,5
TATCTTGCAATACAAC-1_36173_Pla_HDBR9518710,1
TATGATCTTCTCTTTA-1_36173_Pla_HDBR9518710,7
TATGATTCTGCTTGGT-1_36173_Pla_HDBR9518710,6
TATGGAGTTTCTCGTT-1_36173_Pla_HDBR9518710,0
TATGGCAGACTTTCGA-1_36173_Pla_HDBR9518710,3
TATGGGTACGTATCGT-1_36173_Pla_HDBR9518710,8
TATGTAGAAACCCGGC-1_36173_Pla_HDBR9518710,5
TATTAACACCAAAGCA-1_36173_Pla_HDBR9518710,6
TATTATGTTTGCCTGC-1_36173_Pla_HDBR9518710,2
TATTCAATTCTAATCC-1_36173_Pla_HDBR9518710,6
TATTCCGAGCTGTTAT-1_36173_Pla_HDBR9518710,2
TATTCGTGCCAGAATA-1_36173_Pla_HDBR9518710,0
TATTGCCGGGCTTGTA-1_36173_Pla_HDBR9518710,8
TATTTAGTCTAGATCG-1_36173_Pla_HDBR9518710,5
TATTTGTTACCCTTTA-1_36173_Pla_HDBR9518710,8
TCAAACTTAGATTGTT-1_36173_Pla_HDBR9518710,4
TCAACAAAGATAATTC-1_36173_Pla_HDBR9518710,6
TCAACACATTGGGTAA-1_36173_Pla_HDBR9518710,2
TCAACCATGTTCGGGC-1_36173_Pla_HDBR9518710,5
TCAAGGTTACTACACC-1_36173_Pla_HDBR9518710,4
TCAATCCCGCGCCAAA-1_36173_Pla_HDBR9518710,7
TCACAAACCGAGGTAC-1_36173_Pla_HDBR9518710,3
TCACAGATCCTCAAAC-1_36173_Pla_HDBR9518710,0
TCACAGGGAATCGCAA-1_36173_Pla_HDBR9518710,8
TCACGATGTCCGTGGA-1_36173_Pla_HDBR9518710,0
TCACGGTCATCGCACA-1_36173_Pla_HDBR9518710,8
TCACGTGCCCGATTCA-1_36173_Pla_HDBR9518710,3
TCACTATCGTGCAATC-1_36173_Pla_HDBR9518710,0
TCAGACGCTATAGAAG-1_36173_Pla_HDBR9518710,0
TCAGAGTGTGAGCATG-1_36173_Pla_HDBR9518710,1
TCAGCAAATGCATCTC-1_36173_Pla_HDBR9518710,6
TCAGCTTGAGCTTTCG-1_36173_Pla_HDBR9518710,7
TCAGTGTATACGTCAT-1_36173_Pla_HDBR9518710,3
TCATAAGTCCAAGAAG-1_36173_Pla_HDBR9518710,6
TCATACTTACAGATCC-1_36173_Pla_HDBR9518710,0
TCATCACTCGAGCTCG-1_36173_Pla_HDBR9518710,6
TCATCGATGGTCCCAA-1_36173_Pla_HDBR9518710,2
TCCAATGCGTCGCCGC-1_36173_Pla_HDBR9518710,3
TCCAGAGCACCGGTTC-1_36173_Pla_HDBR9518710,3
TCCAGGCGAGTACGGT-1_36173_Pla_HDBR9518710,1
TCCATCAATACTAATC-1_36173_Pla_HDBR9518710,5
TCCATTAGTTGGATAG-1_36173_Pla_HDBR9518710,0
TCCCAAAGACGAAGGA-1_36173_Pla_HDBR9518710,6
TCCCAGCACACGACAT-1_36173_Pla_HDBR9518710,0
TCCCAGCTTTAGTCTG-1_36173_Pla_HDBR9518710,4
TCCCGGTCAGGAATTT-1_36173_Pla_HDBR9518710,7
TCCCGTGTGCAATTTG-1_36173_Pla_HDBR9518710,5
TCCCTCCGAAATCGTT-1_36173_Pla_HDBR9518710,0
TCCCTGGCGTATTAAC-1_36173_Pla_HDBR9518710,1
TCCCTTGTCTGAAACT-1_36173_Pla_HDBR9518710,8
TCCGATGGTGCGACAT-1_36173_Pla_HDBR9518710,8
TCCGCGGCCCAATGAA-1_36173_Pla_HDBR9518710,1
TCCGCTGGGTCGATCG-1_36173_Pla_HDBR9518710,6
TCCGCTGTCATCCCGG-1_36173_Pla_HDBR9518710,3
TCCGGCTGTCGGGTCG-1_36173_Pla_HDBR9518710,4
TCCGTTAAGCTAATAT-1_36173_Pla_HDBR9518710,5
TCCTACATCCACGGCC-1_36173_Pla_HDBR9518710,5
TCCTCGGGCTGGGCTT-1_36173_Pla_HDBR9518710,3
TCCTTACGACGGTCCG-1_36173_Pla_HDBR9518710,6
TCCTTTAAATCCGCTT-1_36173_Pla_HDBR9518710,2
TCCTTTCTTACGCTTA-1_36173_Pla_HDBR9518710,8
TCGAAATTTAGGACCA-1_36173_Pla_HDBR9518710,8
TCGAATATCCCGCAGG-1_36173_Pla_HDBR9518710,2
TCGACAACTGAACCCG-1_36173_Pla_HDBR9518710,1
TCGAGCCAGGCAGGCC-1_36173_Pla_HDBR9518710,3
TCGCAAAGATGCATTT-1_36173_Pla_HDBR9518710,3
TCGCACCAGGAGGCAG-1_36173_Pla_HDBR9518710,7
TCGCATAAAGGGCGCA-1_36173_Pla_HDBR9518710,4
TCGCATCCCTAAGTGT-1_36173_Pla_HDBR9518710,1
TCGCATTCAATGACTT-1_36173_Pla_HDBR9518710,7
TCGCCGGTCGATCCGT-1_36173_Pla_HDBR9518710,6
TCGCGCGTTTACATGA-1_36173_Pla_HDBR9518710,0
TCGCGTAGCAGTGTCC-1_36173_Pla_HDBR9518710,6
TCGCTCGATATATTCC-1_36173_Pla_HDBR9518710,8
TCGCTGTGCGTAAATC-1_36173_Pla_HDBR9518710,8
TCGGAGTACATGAGTA-1_36173_Pla_HDBR9518710,3
TCGGAGTCCTGGTTGC-1_36173_Pla_HDBR9518710,0
TCGGATCTGGATGACC-1_36173_Pla_HDBR9518710,3
TCGGCAGGGTTAAGGG-1_36173_Pla_HDBR9518710,1
TCGGCTTGTATCGACG-1_36173_Pla_HDBR9518710,1
TCGGTCCCGACAATAG-1_36173_Pla_HDBR9518710,3
TCGTCAAGTACGCGCA-1_36173_Pla_HDBR9518710,3
TCGTCCGCTGGCGTCT-1_36173_Pla_HDBR9518710,7
TCGTCTTAGGCGTTAA-1_36173_Pla_HDBR9518710,2
TCGTGTACTATGGATG-1_36173_Pla_HDBR9518710,4
TCGTTGGCTCGTCAAT-1_36173_Pla_HDBR9518710,3
TCTAATACTGCCTCAG-1_36173_Pla_HDBR9518710,6
TCTAGCATCTTCGATG-1_36173_Pla_HDBR9518710,3
TCTATAGGTGGGTAAT-1_36173_Pla_HDBR9518710,8
TCTATCATGCAGTTAC-1_36173_Pla_HDBR9518710,6
TCTATTACGCTGGCGA-1_36173_Pla_HDBR9518710,3
TCTCATGAGATAGGGT-1_36173_Pla_HDBR9518710,2
TCTCCACAAGTTGAAT-1_36173_Pla_HDBR9518710,0
TCTCCCTGGGCAGCGT-1_36173_Pla_HDBR9518710,1
TCTCGGCTCCAGGACT-1_36173_Pla_HDBR9518710,1
TCTGAACCGGTCGGCT-1_36173_Pla_HDBR9518710,1
TCTGAACTCGTACCCG-1_36173_Pla_HDBR9518710,7
TCTGAAGCACGTGGTC-1_36173_Pla_HDBR9518710,2
TCTGATGTATTCTGTC-1_36173_Pla_HDBR9518710,2
TCTGCATACCTTGCTT-1_36173_Pla_HDBR9518710,1
TCTGCCAGAAACTGCA-1_36173_Pla_HDBR9518710,6
TCTGCGTCCGGTTTCT-1_36173_Pla_HDBR9518710,1
TCTGTGACTGACCGTT-1_36173_Pla_HDBR9518710,0
TCTTACTTATGCCTCT-1_36173_Pla_HDBR9518710,8
TCTTCGAATAGACGTT-1_36173_Pla_HDBR9518710,7
TCTTCGATACCAATAA-1_36173_Pla_HDBR9518710,0
TCTTGATGCGTAGCGA-1_36173_Pla_HDBR9518710,3
TCTTTCATCCGTCCTT-1_36173_Pla_HDBR9518710,0
TCTTTCCTTCGAGATA-1_36173_Pla_HDBR9518710,0
TGAAACCTCAACTCAC-1_36173_Pla_HDBR9518710,0
TGACAGAAATCTTGCT-1_36173_Pla_HDBR9518710,0
TGACAGGACAAGTCCA-1_36173_Pla_HDBR9518710,6
TGACCCAACTCACATT-1_36173_Pla_HDBR9518710,0
TGACTCCGAATCATAC-1_36173_Pla_HDBR9518710,2
TGACTCTAACTGGTAA-1_36173_Pla_HDBR9518710,6
TGAGCAGTCGTGAAGT-1_36173_Pla_HDBR9518710,8
TGAGCTCAACTGTATA-1_36173_Pla_HDBR9518710,8
TGAGGCATGTACTGTG-1_36173_Pla_HDBR9518710,8
TGAGGTTGATCCCAAG-1_36173_Pla_HDBR9518710,7
TGATCGGTTTGACCCT-1_36173_Pla_HDBR9518710,7
TGATCTCCGGCGCCAG-1_36173_Pla_HDBR9518710,4
TGATGTCAATTAAGTG-1_36173_Pla_HDBR9518710,8
TGATTTCCTCCTGACG-1_36173_Pla_HDBR9518710,1
TGCAAACCCACATCAA-1_36173_Pla_HDBR9518710,0
TGCAACCCATCTGCGG-1_36173_Pla_HDBR9518710,3
TGCAAGAATGACGTAA-1_36173_Pla_HDBR9518710,8
TGCCCGTACCGTTAAA-1_36173_Pla_HDBR9518710,4
TGCCTAATTGAAGATT-1_36173_Pla_HDBR9518710,5
TGCCTGACATCGGTCA-1_36173_Pla_HDBR9518710,3
TGCCTTGGCCAGGCAA-1_36173_Pla_HDBR9518710,2
TGCGACGGCCGAACGT-1_36173_Pla_HDBR9518710,3
TGCGCAAAGCATTTGG-1_36173_Pla_HDBR9518710,6
TGCGCGATTAACGGAG-1_36173_Pla_HDBR9518710,3
TGCGTCATGACTGAGC-1_36173_Pla_HDBR9518710,7
TGCGTGATTGGGTGTC-1_36173_Pla_HDBR9518710,3
TGCGTTTGTTGACACT-1_36173_Pla_HDBR9518710,4
TGCTAAGTGTCTATTT-1_36173_Pla_HDBR9518710,6
TGCTCCACAGTTCTTA-1_36173_Pla_HDBR9518710,3
TGCTGGTTGGACAATT-1_36173_Pla_HDBR9518710,7
TGCTGTTGAAGAACTC-1_36173_Pla_HDBR9518710,0
TGCTTAGAGAGAATGC-1_36173_Pla_HDBR9518710,2
TGCTTGAAACCATGCA-1_36173_Pla_HDBR9518710,1
TGGACCACGGCGTTGA-1_36173_Pla_HDBR9518710,1
TGGACGCAATCCAGCC-1_36173_Pla_HDBR9518710,6
TGGACTGTTCGCTCAA-1_36173_Pla_HDBR9518710,4
TGGATAGAGTAACAGA-1_36173_Pla_HDBR9518710,0
TGGCAAACTAAATTAC-1_36173_Pla_HDBR9518710,5
TGGCATGAAGTTTGGG-1_36173_Pla_HDBR9518710,6
TGGGAAATGCCTTTCC-1_36173_Pla_HDBR9518710,6
TGGGCCCATACTAATT-1_36173_Pla_HDBR9518710,1
TGGTAGAATATATGGG-1_36173_Pla_HDBR9518710,7
TGGTTAACTTACATTT-1_36173_Pla_HDBR9518710,5
TGTAACTTGTCAACCT-1_36173_Pla_HDBR9518710,0
TGTAAGACTGATAAGA-1_36173_Pla_HDBR9518710,6
TGTACCCGACCCTAAT-1_36173_Pla_HDBR9518710,0
TGTACCTACACGAGGG-1_36173_Pla_HDBR9518710,1
TGTCGGCATGGTGGAA-1_36173_Pla_HDBR9518710,3
TGTCGTTATCACATAT-1_36173_Pla_HDBR9518710,2
TGTGACTAGAGTTTGC-1_36173_Pla_HDBR9518710,4
TGTGCCGGTGCCGGAA-1_36173_Pla_HDBR9518710,1
TGTGTCGCGAGTTGCA-1_36173_Pla_HDBR9518710,3
TGTTAACAAAGTGACT-1_36173_Pla_HDBR9518710,5
TGTTATTGTATGTGGC-1_36173_Pla_HDBR9518710,5
TGTTTCGGTACTTCTC-1_36173_Pla_HDBR9518710,5
TGTTTCTGAAGCGTGC-1_36173_Pla_HDBR9518710,4
TTAAACAGAGTCCCGC-1_36173_Pla_HDBR9518710,3
TTAAAGTAAGTCGCCA-1_36173_Pla_HDBR9518710,6
TTAACTGATCGTTTGG-1_36173_Pla_HDBR9518710,7
TTAAGGATACGGAGGT-1_36173_Pla_HDBR9518710,8
TTAAGGCCCGTACTTT-1_36173_Pla_HDBR9518710,2
TTAATGTAGACCAGGT-1_36173_Pla_HDBR9518710,6
TTACAACTACGCATCC-1_36173_Pla_HDBR9518710,8
TTACATCGTGGCCTGG-1_36173_Pla_HDBR9518710,1
TTACCGCCTTAGGGAA-1_36173_Pla_HDBR9518710,7
TTACGGTGTCACCGAG-1_36173_Pla_HDBR9518710,1
TTACGTATCTATGACA-1_36173_Pla_HDBR9518710,4
TTACTAAAGGACTTTA-1_36173_Pla_HDBR9518710,8
TTAGACGAGTCACCTC-1_36173_Pla_HDBR9518710,3
TTAGAGTTTAGAAGGA-1_36173_Pla_HDBR9518710,1
TTAGATAGGTCGATAC-1_36173_Pla_HDBR9518710,1
TTAGCAACATGGATGT-1_36173_Pla_HDBR9518710,2
TTAGCATCCCTCACGT-1_36173_Pla_HDBR9518710,6
TTAGGTCATAACCGAC-1_36173_Pla_HDBR9518710,3
TTAGTAAACCTGCTCT-1_36173_Pla_HDBR9518710,0
TTAGTTATTCGTGGCA-1_36173_Pla_HDBR9518710,2
TTATATACGCTGTCAC-1_36173_Pla_HDBR9518710,6
TTATCATACTCGCAAA-1_36173_Pla_HDBR9518710,0
TTATCCAATCGAACTC-1_36173_Pla_HDBR9518710,3
TTATCCGGGATCTATA-1_36173_Pla_HDBR9518710,6
TTATCCTCAAGGAATA-1_36173_Pla_HDBR9518710,6
TTATGATCTTAACGAA-1_36173_Pla_HDBR9518710,8
TTATTAGAGCGTGTTC-1_36173_Pla_HDBR9518710,0
TTATTTAGGTTCCTTA-1_36173_Pla_HDBR9518710,6
TTCAAAGTCTCTAGCC-1_36173_Pla_HDBR9518710,4
TTCAGAGTAACCTGAC-1_36173_Pla_HDBR9518710,0
TTCAGCCCTGGTCCAC-1_36173_Pla_HDBR9518710,2
TTCAGCTGGCGTGCCC-1_36173_Pla_HDBR9518710,1
TTCCGGTTACCCACTT-1_36173_Pla_HDBR9518710,5
TTCCTCGGACTAACCA-1_36173_Pla_HDBR9518710,2
TTCCTTTCTGTGTTGC-1_36173_Pla_HDBR9518710,1
TTCGACGGGAAGGGCG-1_36173_Pla_HDBR9518710,4
TTCGCACTCGCGTGCT-1_36173_Pla_HDBR9518710,8
TTCGCATCCGGAAGCA-1_36173_Pla_HDBR9518710,3
TTCGCCGCTCGCGCTA-1_36173_Pla_HDBR9518710,6
TTCGGACTGGGCATGG-1_36173_Pla_HDBR9518710,0
TTCGGCTAGAGATGGT-1_36173_Pla_HDBR9518710,2
TTCGGGACTAATCGCG-1_36173_Pla_HDBR9518710,8
TTCGGGCGCTAGTCTT-1_36173_Pla_HDBR9518710,3
TTCTACTTGCGAGGGC-1_36173_Pla_HDBR9518710,1
TTCTAGGCCAATTGTG-1_36173_Pla_HDBR9518710,0
TTCTCTTACAGGTGAT-1_36173_Pla_HDBR9518710,6
TTCTGACCGGGCTCAA-1_36173_Pla_HDBR9518710,2
TTCTGCGGGTTAGCGG-1_36173_Pla_HDBR9518710,3
TTCTTAGTGAACGGTG-1_36173_Pla_HDBR9518710,0
TTCTTATCCGCTGGGT-1_36173_Pla_HDBR9518710,1
TTCTTGGACGATCTGC-1_36173_Pla_HDBR9518710,0
TTCTTGTAACCTAATG-1_36173_Pla_HDBR9518710,1
TTGAAACCCTCATTCC-1_36173_Pla_HDBR9518710,8
TTGAACGAATCCTTTG-1_36173_Pla_HDBR9518710,0
TTGAACGACGTGCTGA-1_36173_Pla_HDBR9518710,3
TTGAAGGATGGGCGCC-1_36173_Pla_HDBR9518710,5
TTGACAGGAGCTCCCG-1_36173_Pla_HDBR9518710,3
TTGACCGTGTTAATGA-1_36173_Pla_HDBR9518710,8
TTGAGAAGTTTAGCAT-1_36173_Pla_HDBR9518710,2
TTGATCTAACTTTGTC-1_36173_Pla_HDBR9518710,8
TTGCCATAGCCCGCTC-1_36173_Pla_HDBR9518710,1
TTGCCGCAGACCTACA-1_36173_Pla_HDBR9518710,2
TTGCTAGCTACCAATC-1_36173_Pla_HDBR9518710,0
TTGCTCATAGTACGTG-1_36173_Pla_HDBR9518710,4
TTGCTGAAGGAACCAC-1_36173_Pla_HDBR9518710,5
TTGCTGATCATGTTCG-1_36173_Pla_HDBR9518710,0
TTGGAAGAATACAGTC-1_36173_Pla_HDBR9518710,6
TTGGACCTATAACAGT-1_36173_Pla_HDBR9518710,2
TTGGCCATCTTGCGCT-1_36173_Pla_HDBR9518710,2
TTGGCTCAATATGTGT-1_36173_Pla_HDBR9518710,8
TTGGCTCGCATGAGAC-1_36173_Pla_HDBR9518710,3
TTGGTTGCGGTGCGCG-1_36173_Pla_HDBR9518710,7
TTGTGAACCTAATCCG-1_36173_Pla_HDBR9518710,2
TTGTGATCTGTTCAGT-1_36173_Pla_HDBR9518710,8
TTGTGGCCCTGACAGT-1_36173_Pla_HDBR9518710,5
TTGTGGTAGGAGGGAT-1_36173_Pla_HDBR9518710,3
TTGTGGTGGTACTAAG-1_36173_Pla_HDBR9518710,6
TTGTTAGCAAATTCGA-1_36173_Pla_HDBR9518710,0
TTGTTTCATTAGTCTA-1_36173_Pla_HDBR9518710,2
